,inv_L,Tc
0,0.0,2.269185314213022
6,0.016666666666666666,2.27191368071034
5,0.02,2.268731953456442
4,0.025,2.267125198824646
3,0.03333333333333333,2.2721204208012127
2,0.05,2.265758058710448
1,0.1,2.275190755925691
