,inv_L,Tc
0,0.0,2.269185314213022
6,0.016666666666666666,2.2745741260948527
5,0.02,2.2718383455066102
4,0.025,2.2698595108840474
3,0.03333333333333333,2.2707141642087887
2,0.05,2.26284564
1,0.1,2.2762223748332526
